WER,EER,Runtime (s)
0.09142857142857143,0.5999999999983201,166.69512820243835
